{"initial_reset_timestamp": 1570795990.426483, "timestamps": [1570796030.6910279], "episode_lengths": [557], "episode_rewards": [17.023239867095263], "episode_types": ["t"]}